{
  "Espada": {
    "name": "Espada.png",
    "x": 1125,
    "y": 3935,
    "width": 268,
    "height": 87
   },
  "ODNLogo": {
    "name": "ODNLogo.png",
    "x": 1978,
    "y": 3912,
    "width": 117,
    "height": 113
   },
  "OraculoLogo": {
    "name": "OraculoLogo.png",
    "x": 1869,
    "y": 3912,
    "width": 100,
    "height": 92
  },
  "bandeiroide": {
    "name": "bandeiroide.png",
    "x": 1587,
    "y": 3766,
    "width": 141,
    "height": 83
  },
  "Viking": {
    "name": "Viking.png",
    "x": 1054,
    "y": 3693,
    "width": 135,
    "height": 153  
  },
  "cu": {
    "name": "cu.png",
    "x": 1751,
    "y": 1220,
    "width": 177,
    "height": 173
  },
  "Flag": {
    "name": "Flag.png",
    "x": 2034,
    "y": 1489,
    "width": 303,
    "height": 214
  },
  "oi": {
    "name": "oi.png",
    "x": 1674,
    "y": 1522,
    "width": 106,
    "height": 121
  },
  "Yellow": {
    "name": "Yellow.png",
    "x": 2161,
    "y": -3857,
    "width": 334,
    "height": 225
   },
  "soldadinha": {
    "name": "soldadinha.png",
    "x": 1232,
    "y": 2042,
    "width": 90,
    "height": 90
  },
  "flupx": {
    "name": "flupx.png",
    "x": 1117,
    "y": 315,
    "width": 322,
    "height": 228
   },
  "smurf": {
    "name": "smurf.png",
    "x": 1484,
    "y": 1866,
    "width": 63,
    "height": 36
   },
  "discord.io_2": {
    "name": "discord.io_2.png",
    "x": 1361,
    "y": 1814,
    "width": 209,
    "height": 30
  },
  "cityorange": {
    "name": "cityorange.png",
    "x": 1643,
    "y": 83,
    "width": 37,
    "height": 38
  }
}
    
